case_type,jurisdiction,location,complexity,duration_months,lawyer_level,legal_fees,court_fees,filing_admin_fees,miscellaneous_fees
Civil,District Court,"Mumbai, Maharashtra",Medium,12,Mid-Senior,450000,50000,25000,30000
Criminal,High Court,"Delhi, Delhi",High,24,Senior Counsel,850000,120000,45000,55000
Corporate,Supreme Court,"Mumbai, Maharashtra",High,36,Top Tier Firm,2500000,200000,80000,120000
Family / Matrimonial,District Court,"Bangalore, Karnataka",Low,8,Junior Associate,150000,25000,15000,18000
Property Dispute,High Court,"Chennai, Tamil Nadu",Medium,18,Mid-Senior,550000,75000,35000,42000
Consumer,Consumer Forum,"Pune, Maharashtra",Low,6,Junior Associate,80000,15000,10000,12000
Civil,District Court,"Kolkata, West Bengal",Low,10,Junior Associate,200000,30000,18000,22000
Criminal,District Court,"Hyderabad, Telangana",Medium,15,Mid-Senior,400000,45000,28000,32000
Corporate,High Court,"Mumbai, Maharashtra",High,30,Top Tier Firm,1800000,150000,65000,95000
Family / Matrimonial,District Court,"Ahmedabad, Gujarat",Medium,12,Mid-Senior,280000,35000,22000,28000
Property Dispute,District Court,"Jaipur, Rajasthan",High,20,Senior Counsel,680000,65000,38000,48000
Consumer,Tribunal,"Lucknow, Uttar Pradesh",Low,4,Junior Associate,60000,12000,8000,10000
Civil,High Court,"Delhi, Delhi",High,28,Senior Counsel,920000,110000,48000,62000
Criminal,Supreme Court,"Delhi, Delhi",High,40,Top Tier Firm,3200000,250000,95000,135000
Corporate,District Court,"Bangalore, Karnataka",Medium,14,Mid-Senior,520000,55000,32000,38000
Family / Matrimonial,High Court,"Mumbai, Maharashtra",High,22,Senior Counsel,750000,95000,42000,56000
Property Dispute,District Court,"Surat, Gujarat",Low,9,Junior Associate,180000,28000,16000,20000
Consumer,Consumer Forum,"Nagpur, Maharashtra",Medium,7,Mid-Senior,120000,18000,12000,15000
Civil,District Court,"Indore, Madhya Pradesh",Medium,13,Mid-Senior,380000,48000,26000,32000
Criminal,High Court,"Bangalore, Karnataka",Medium,19,Mid-Senior,580000,82000,38000,45000
Corporate,High Court,"Delhi, Delhi",Medium,20,Senior Counsel,1200000,130000,55000,75000
Family / Matrimonial,District Court,"Chandigarh, Punjab",Low,7,Junior Associate,140000,22000,14000,17000
Property Dispute,High Court,"Mumbai, Maharashtra",High,25,Senior Counsel,980000,125000,52000,68000
Consumer,Consumer Forum,"Bhopal, Madhya Pradesh",Low,5,Junior Associate,70000,13000,9000,11000
Civil,District Court,"Visakhapatnam, Andhra Pradesh",Low,11,Junior Associate,220000,32000,19000,24000
Criminal,District Court,"Patna, Bihar",High,18,Mid-Senior,520000,58000,32000,40000
Corporate,Supreme Court,"Delhi, Delhi",High,42,Top Tier Firm,3500000,280000,105000,145000
Family / Matrimonial,District Court,"Kochi, Kerala",Medium,10,Mid-Senior,240000,32000,20000,25000
Property Dispute,Tribunal,"Coimbatore, Tamil Nadu",Low,6,Junior Associate,110000,18000,12000,15000
Consumer,Consumer Forum,"Ranchi, Jharkhand",Low,4,Junior Associate,55000,11000,7000,9000
Civil,High Court,"Chennai, Tamil Nadu",Medium,21,Mid-Senior,720000,95000,42000,52000
Criminal,High Court,"Mumbai, Maharashtra",High,26,Senior Counsel,1100000,135000,58000,72000
Corporate,District Court,"Pune, Maharashtra",Low,8,Junior Associate,280000,38000,22000,28000
Family / Matrimonial,High Court,"Delhi, Delhi",Medium,16,Mid-Senior,620000,85000,38000,48000
Property Dispute,District Court,"Gurgaon, Haryana",Medium,15,Mid-Senior,480000,52000,30000,38000
Consumer,Tribunal,"Varanasi, Uttar Pradesh",Medium,8,Mid-Senior,95000,16000,11000,14000
Civil,District Court,"Ludhiana, Punjab",High,16,Senior Counsel,580000,68000,35000,45000
Criminal,District Court,"Guwahati, Assam",Low,11,Junior Associate,280000,38000,22000,28000
Corporate,High Court,"Bangalore, Karnataka",High,32,Top Tier Firm,2200000,175000,72000,105000
Family / Matrimonial,District Court,"Mysore, Karnataka",Low,6,Junior Associate,125000,20000,13000,16000
Property Dispute,High Court,"Delhi, Delhi",High,27,Top Tier Firm,1350000,145000,62000,82000
Consumer,Consumer Forum,"Dehradun, Uttarakhand",Low,5,Junior Associate,65000,12000,8000,10000
Civil,District Court,"Nashik, Maharashtra",Medium,12,Mid-Senior,340000,45000,24000,30000
Criminal,Supreme Court,"Delhi, Delhi",High,38,Top Tier Firm,2900000,235000,90000,125000
Corporate,District Court,"Noida, Uttar Pradesh",Medium,16,Mid-Senior,640000,65000,35000,42000
Family / Matrimonial,District Court,"Vadodara, Gujarat",Low,8,Junior Associate,160000,24000,15000,19000
Property Dispute,District Court,"Thane, Maharashtra",Medium,14,Mid-Senior,420000,48000,28000,35000
Consumer,Consumer Forum,"Shimla, Himachal Pradesh",Low,4,Junior Associate,58000,11000,7000,9000
Civil,High Court,"Kolkata, West Bengal",High,24,Senior Counsel,880000,115000,50000,65000
Criminal,High Court,"Chennai, Tamil Nadu",Medium,20,Mid-Senior,650000,88000,40000,50000
Corporate,High Court,"Mumbai, Maharashtra",Medium,22,Senior Counsel,1450000,140000,60000,80000
Family / Matrimonial,High Court,"Bangalore, Karnataka",High,20,Senior Counsel,720000,92000,40000,54000
Property Dispute,District Court,"Faridabad, Haryana",Low,10,Junior Associate,195000,28000,17000,21000
Consumer,Tribunal,"Kanpur, Uttar Pradesh",Medium,6,Mid-Senior,88000,15000,10000,13000
Civil,District Court,"Agra, Uttar Pradesh",Low,9,Junior Associate,185000,27000,16000,20000
Criminal,District Court,"Rajkot, Gujarat",Medium,14,Mid-Senior,380000,46000,27000,33000
Corporate,Supreme Court,"Delhi, Delhi",High,45,Top Tier Firm,3800000,295000,110000,155000
Family / Matrimonial,District Court,"Thiruvananthapuram, Kerala",Medium,11,Mid-Senior,255000,33000,21000,26000
Property Dispute,High Court,"Hyderabad, Telangana",Medium,19,Mid-Senior,720000,95000,42000,52000
Consumer,Consumer Forum,"Raipur, Chhattisgarh",Low,5,Junior Associate,62000,12000,8000,10000
Civil,District Court,"Bhubaneswar, Odisha",Medium,13,Mid-Senior,365000,47000,25000,31000
Criminal,High Court,"Hyderabad, Telangana",High,23,Senior Counsel,950000,125000,54000,68000
Corporate,District Court,"Chennai, Tamil Nadu",Low,9,Junior Associate,310000,40000,23000,29000
Family / Matrimonial,District Court,"Amritsar, Punjab",Low,7,Junior Associate,138000,21000,14000,17000
Property Dispute,District Court,"Aurangabad, Maharashtra",High,17,Senior Counsel,620000,62000,36000,46000
Consumer,Consumer Forum,"Jammu, Jammu and Kashmir",Medium,7,Mid-Senior,110000,17000,11000,14000
Civil,High Court,"Mumbai, Maharashtra",Medium,20,Mid-Senior,780000,102000,45000,56000
Criminal,District Court,"Varanasi, Uttar Pradesh",Low,12,Junior Associate,295000,40000,23000,29000
Corporate,High Court,"Delhi, Delhi",High,28,Senior Counsel,1680000,155000,68000,92000
Family / Matrimonial,High Court,"Chennai, Tamil Nadu",Medium,15,Mid-Senior,580000,80000,36000,46000
Property Dispute,Tribunal,"Kolkata, West Bengal",Low,7,Junior Associate,125000,20000,13000,16000
Consumer,Consumer Forum,"Guwahati, Assam",Low,4,Junior Associate,52000,10000,7000,9000
Civil,District Court,"Mangalore, Karnataka",Low,10,Junior Associate,208000,30000,18000,23000
Criminal,High Court,"Delhi, Delhi",High,25,Senior Counsel,1020000,128000,56000,70000
Corporate,District Court,"Hyderabad, Telangana",Medium,15,Mid-Senior,580000,58000,33000,40000
Family / Matrimonial,District Court,"Srinagar, Jammu and Kashmir",Medium,12,Mid-Senior,270000,34000,22000,27000
Property Dispute,High Court,"Bangalore, Karnataka",High,24,Senior Counsel,1050000,130000,55000,72000
Consumer,Tribunal,"Patna, Bihar",Low,5,Junior Associate,68000,13000,9000,11000
Civil,District Court,"Jabalpur, Madhya Pradesh",Medium,12,Mid-Senior,355000,46000,25000,31000
Criminal,District Court,"Jodhpur, Rajasthan",Medium,15,Mid-Senior,410000,48000,28000,34000
Corporate,High Court,"Chennai, Tamil Nadu",Medium,21,Senior Counsel,1380000,138000,58000,78000
Family / Matrimonial,District Court,"Goa, Goa",Low,6,Junior Associate,145000,22000,14000,18000
Property Dispute,District Court,"Navi Mumbai, Maharashtra",Medium,13,Mid-Senior,450000,50000,29000,36000
Consumer,Consumer Forum,"Cuttack, Odisha",Low,5,Junior Associate,64000,12000,8000,10000
Civil,High Court,"Hyderabad, Telangana",High,26,Senior Counsel,920000,118000,52000,66000
Criminal,Supreme Court,"Delhi, Delhi",High,44,Top Tier Firm,3100000,260000,98000,138000
Corporate,District Court,"Kolkata, West Bengal",Low,10,Junior Associate,295000,38000,22000,28000
Family / Matrimonial,High Court,"Kolkata, West Bengal",High,21,Senior Counsel,760000,98000,43000,57000
Property Dispute,District Court,"Meerut, Uttar Pradesh",Low,11,Junior Associate,202000,29000,17000,22000
Consumer,Consumer Forum,"Jaipur, Rajasthan",Medium,6,Mid-Senior,102000,16000,11000,13000
Civil,District Court,"Ahmedabad, Gujarat",Low,11,Junior Associate,225000,32000,19000,24000
Criminal,High Court,"Bangalore, Karnataka",Medium,21,Mid-Senior,680000,92000,42000,52000
Corporate,Supreme Court,"Delhi, Delhi",High,48,Top Tier Firm,4200000,320000,125000,165000
Family / Matrimonial,District Court,"Nagpur, Maharashtra",Medium,10,Mid-Senior,248000,32000,20000,25000
Property Dispute,High Court,"Chennai, Tamil Nadu",Medium,20,Mid-Senior,780000,105000,46000,58000
Consumer,Tribunal,"Bhubaneswar, Odisha",Medium,7,Mid-Senior,90000,15000,10000,13000
Civil,District Court,"Coimbatore, Tamil Nadu",Medium,12,Mid-Senior,348000,45000,24000,30000
Criminal,District Court,"Surat, Gujarat",High,17,Senior Counsel,540000,60000,33000,42000
Corporate,High Court,"Pune, Maharashtra",High,26,Senior Counsel,1580000,148000,65000,88000
Family / Matrimonial,District Court,"Jamshedpur, Jharkhand",Low,8,Junior Associate,152000,23000,15000,18000
Property Dispute,District Court,"Ghaziabad, Uttar Pradesh",Medium,14,Mid-Senior,435000,49000,28000,35000
Consumer,Consumer Forum,"Udaipur, Rajasthan",Low,4,Junior Associate,56000,11000,7000,9000
Civil,High Court,"Pune, Maharashtra",Medium,22,Mid-Senior,760000,100000,44000,55000
Criminal,High Court,"Kolkata, West Bengal",High,24,Senior Counsel,980000,122000,54000,68000
Corporate,District Court,"Vellore, Tamil Nadu",Medium,14,Mid-Senior,495000,52000,30000,37000
Family / Matrimonial,District Court,"Rourkela, Odisha",Low,7,Junior Associate,142000,21000,14000,17000
Property Dispute,High Court,"Pune, Maharashtra",High,23,Senior Counsel,920000,118000,51000,66000
Consumer,Consumer Forum,"Aligarh, Uttar Pradesh",Low,5,Junior Associate,63000,12000,8000,10000
Civil,District Court,"Rajkot, Gujarat",Medium,11,Mid-Senior,330000,43000,23000,29000
Criminal,High Court,"Pune, Maharashtra",Medium,22,Mid-Senior,720000,98000,44000,54000
Corporate,High Court,"Hyderabad, Telangana",High,29,Top Tier Firm,1950000,165000,70000,102000
Family / Matrimonial,District Court,"Trichy, Tamil Nadu",Medium,9,Mid-Senior,215000,30000,19000,24000
Property Dispute,District Court,"Kalyan, Maharashtra",Low,9,Junior Associate,178000,27000,16000,20000
Consumer,Tribunal,"Jalandhar, Punjab",Medium,6,Mid-Senior,85000,14000,10000,12000
Civil,High Court,"Bangalore, Karnataka",High,25,Senior Counsel,940000,120000,53000,67000
Criminal,District Court,"Amritsar, Punjab",Low,13,Junior Associate,310000,42000,24000,30000
Corporate,Supreme Court,"Delhi, Delhi",High,50,Top Tier Firm,4500000,340000,135000,175000
Family / Matrimonial,High Court,"Hyderabad, Telangana",Medium,17,Mid-Senior,640000,87000,39000,49000
Property Dispute,District Court,"Solapur, Maharashtra",Medium,12,Mid-Senior,390000,47000,27000,34000
Consumer,Consumer Forum,"Moradabad, Uttar Pradesh",Low,4,Junior Associate,54000,10000,7000,9000
Civil,District Court,"Salem, Tamil Nadu",Low,10,Junior Associate,205000,30000,18000,23000
Criminal,High Court,"Jaipur, Rajasthan",High,24,Senior Counsel,960000,124000,55000,69000
Corporate,District Court,"Visakhapatnam, Andhra Pradesh",Low,9,Junior Associate,305000,39000,22000,28000
Family / Matrimonial,District Court,"Warangal, Telangana",Low,6,Junior Associate,130000,20000,13000,16000
Property Dispute,High Court,"Kolkata, West Bengal",Medium,21,Mid-Senior,840000,110000,48000,61000
Consumer,Consumer Forum,"Gwalior, Madhya Pradesh",Medium,6,Mid-Senior,98000,16000,11000,13000
Civil,District Court,"Tirupati, Andhra Pradesh",Medium,13,Mid-Senior,372000,48000,26000,32000
Criminal,District Court,"Nashik, Maharashtra",Medium,16,Mid-Senior,430000,50000,29000,35000
Corporate,High Court,"Kolkata, West Bengal",Medium,23,Senior Counsel,1420000,142000,61000,81000
Family / Matrimonial,District Court,"Bhilai, Chhattisgarh",Medium,11,Mid-Senior,260000,33000,21000,26000
Property Dispute,District Court,"Bhiwandi, Maharashtra",High,18,Senior Counsel,650000,63000,36000,47000
Consumer,Tribunal,"Durgapur, West Bengal",Low,5,Junior Associate,66000,12000,8000,10000
Civil,High Court,"Ahmedabad, Gujarat",Medium,21,Mid-Senior,790000,104000,46000,57000
Criminal,Supreme Court,"Delhi, Delhi",High,41,Top Tier Firm,3300000,265000,100000,140000
Corporate,District Court,"Patna, Bihar",Medium,15,Mid-Senior,560000,57000,32000,39000
Family / Matrimonial,High Court,"Pune, Maharashtra",High,19,Senior Counsel,700000,90000,41000,53000
Property Dispute,District Court,"Panipat, Haryana",Low,10,Junior Associate,190000,28000,17000,21000
Consumer,Consumer Forum,"Agartala, Tripura",Low,5,Junior Associate,61000,11000,8000,10000
Civil,District Court,"Guntur, Andhra Pradesh",Low,11,Junior Associate,218000,31000,19000,24000
Criminal,High Court,"Ahmedabad, Gujarat",High,26,Senior Counsel,1080000,132000,57000,72000
Corporate,High Court,"Chennai, Tamil Nadu",High,31,Top Tier Firm,2100000,172000,74000,108000
Family / Matrimonial,District Court,"Ujjain, Madhya Pradesh",Low,7,Junior Associate,136000,21000,14000,17000
Property Dispute,High Court,"Jaipur, Rajasthan",High,26,Senior Counsel,1120000,138000,59000,75000
Consumer,Consumer Forum,"Silchar, Assam",Low,4,Junior Associate,53000,10000,7000,9000
Civil,District Court,"Asansol, West Bengal",Medium,12,Mid-Senior,345000,45000,24000,30000
Criminal,District Court,"Kannur, Kerala",Low,12,Junior Associate,298000,40000,23000,29000
Corporate,District Court,"Bhopal, Madhya Pradesh",Low,10,Junior Associate,315000,40000,23000,29000
Family / Matrimonial,District Court,"Nellore, Andhra Pradesh",Medium,10,Mid-Senior,235000,31000,20000,25000
Property Dispute,District Court,"Ambala, Haryana",Medium,13,Mid-Senior,410000,48000,28000,35000
Consumer,Tribunal,"Bilaspur, Chhattisgarh",Medium,7,Mid-Senior,92000,15000,10000,13000
Civil,High Court,"Chennai, Tamil Nadu",High,27,Senior Counsel,980000,125000,55000,70000
Criminal,High Court,"Mumbai, Maharashtra",High,28,Senior Counsel,1180000,142000,61000,77000
Corporate,Supreme Court,"Delhi, Delhi",High,46,Top Tier Firm,4000000,310000,120000,160000
Family / Matrimonial,District Court,"Darbhanga, Bihar",Low,8,Junior Associate,155000,23000,15000,19000
Property Dispute,High Court,"Ahmedabad, Gujarat",Medium,22,Mid-Senior,880000,115000,50000,64000
Consumer,Consumer Forum,"Imphal, Manipur",Low,5,Junior Associate,59000,11000,8000,10000
Civil,District Court,"Bhavnagar, Gujarat",Medium,12,Mid-Senior,358000,46000,25000,31000
Criminal,District Court,"Belgaum, Karnataka",Medium,14,Mid-Senior,395000,47000,28000,34000
Corporate,High Court,"Bangalore, Karnataka",Medium,24,Senior Counsel,1520000,145000,63000,85000
Family / Matrimonial,High Court,"Jaipur, Rajasthan",High,18,Senior Counsel,680000,88000,40000,52000
Property Dispute,District Court,"Rohtak, Haryana",Low,11,Junior Associate,198000,29000,17000,22000
Consumer,Consumer Forum,"Kota, Rajasthan",Medium,6,Mid-Senior,100000,16000,11000,13000
Civil,District Court,"Tirunelveli, Tamil Nadu",Low,10,Junior Associate,210000,30000,18000,23000
Criminal,High Court,"Lucknow, Uttar Pradesh",Medium,23,Mid-Senior,760000,103000,46000,57000
Corporate,District Court,"Agra, Uttar Pradesh",Medium,16,Mid-Senior,620000,63000,34000,41000
Family / Matrimonial,District Court,"Kolhapur, Maharashtra",Medium,9,Mid-Senior,220000,30000,19000,24000
Property Dispute,District Court,"Saharanpur, Uttar Pradesh",High,19,Senior Counsel,670000,65000,37000,48000
Consumer,Tribunal,"Gorakhpur, Uttar Pradesh",Low,6,Junior Associate,72000,13000,9000,11000
Civil,High Court,"Jaipur, Rajasthan",Medium,20,Mid-Senior,750000,100000,44000,56000
Criminal,District Court,"Raipur, Chhattisgarh",Low,13,Junior Associate,305000,41000,24000,30000
Corporate,High Court,"Delhi, Delhi",High,30,Top Tier Firm,2000000,168000,72000,105000
Family / Matrimonial,District Court,"Indore, Madhya Pradesh",Low,8,Junior Associate,158000,23000,15000,19000
Property Dispute,High Court,"Mumbai, Maharashtra",High,28,Top Tier Firm,1450000,152000,65000,87000
Consumer,Consumer Forum,"Aizawl, Mizoram",Low,4,Junior Associate,51000,10000,7000,9000
Civil,District Court,"Bilaspur, Chhattisgarh",Medium,11,Mid-Senior,325000,43000,23000,29000
Criminal,High Court,"Hyderabad, Telangana",Medium,21,Mid-Senior,700000,95000,43000,54000
Corporate,District Court,"Surat, Gujarat",Low,11,Junior Associate,335000,42000,24000,30000
Family / Matrimonial,High Court,"Bangalore, Karnataka",Medium,14,Mid-Senior,560000,78000,36000,45000
Property Dispute,District Court,"Mathura, Uttar Pradesh",Medium,14,Mid-Senior,425000,49000,28000,35000
Consumer,Consumer Forum,"Shillong, Meghalaya",Low,5,Junior Associate,62000,12000,8000,10000
Civil,District Court,"Erode, Tamil Nadu",Low,9,Junior Associate,192000,28000,17000,21000
Criminal,Supreme Court,"Delhi, Delhi",High,43,Top Tier Firm,3400000,275000,103000,145000
Corporate,High Court,"Mumbai, Maharashtra",High,27,Senior Counsel,1720000,158000,69000,94000
Family / Matrimonial,District Court,"Bokaro, Jharkhand",Low,7,Junior Associate,139000,21000,14000,17000
Property Dispute,High Court,"Lucknow, Uttar Pradesh",Medium,20,Mid-Senior,800000,108000,47000,60000
Consumer,Tribunal,"Ajmer, Rajasthan",Medium,6,Mid-Senior,87000,14000,10000,12000
Civil,High Court,"Lucknow, Uttar Pradesh",High,24,Senior Counsel,900000,118000,52000,66000
Criminal,District Court,"Warangal, Telangana",Medium,15,Mid-Senior,420000,49000,28000,35000
Corporate,District Court,"Coimbatore, Tamil Nadu",Medium,17,Mid-Senior,680000,68000,36000,44000
Family / Matrimonial,District Court,"Dhanbad, Jharkhand",Medium,10,Mid-Senior,242000,32000,20000,25000
Property Dispute,District Court,"Panvel, Maharashtra",Low,10,Junior Associate,185000,28000,17000,21000
Consumer,Consumer Forum,"Kohima, Nagaland",Low,4,Junior Associate,50000,10000,7000,9000
Civil,District Court,"Vellore, Tamil Nadu",Medium,12,Mid-Senior,350000,46000,25000,31000
Criminal,High Court,"Chennai, Tamil Nadu",High,25,Senior Counsel,1000000,128000,56000,71000
Corporate,Supreme Court,"Delhi, Delhi",High,47,Top Tier Firm,4100000,315000,122000,163000
Family / Matrimonial,District Court,"Ranchi, Jharkhand",Low,8,Junior Associate,150000,23000,15000,18000
Property Dispute,District Court,"Sonipat, Haryana",Medium,13,Mid-Senior,415000,48000,28000,35000
Consumer,Consumer Forum,"Itanagar, Arunachal Pradesh",Low,5,Junior Associate,58000,11000,8000,10000
Civil,High Court,"Kolkata, West Bengal",Medium,23,Mid-Senior,820000,108000,48000,60000
Criminal,District Court,"Bhiwani, Haryana",Low,12,Junior Associate,290000,40000,23000,29000
Corporate,High Court,"Pune, Maharashtra",Medium,25,Senior Counsel,1600000,150000,65000,88000
Family / Matrimonial,High Court,"Kolkata, West Bengal",Medium,16,Mid-Senior,610000,84000,38000,48000
Property Dispute,High Court,"Chennai, Tamil Nadu",High,25,Senior Counsel,1080000,135000,58000,74000
Consumer,Tribunal,"Sambalpur, Odisha",Low,6,Junior Associate,70000,13000,9000,11000
Civil,District Court,"Ulhasnagar, Maharashtra",Medium,11,Mid-Senior,335000,44000,24000,30000
Criminal,High Court,"Bangalore, Karnataka",High,27,Senior Counsel,1140000,138000,60000,76000
Corporate,District Court,"Jaipur, Rajasthan",Low,12,Junior Associate,360000,45000,25000,31000
Family / Matrimonial,District Court,"Siliguri, West Bengal",Low,7,Junior Associate,143000,21000,14000,17000
Property Dispute,District Court,"Hisar, Haryana",High,16,Senior Counsel,580000,60000,34000,44000
Consumer,Consumer Forum,"Gangtok, Sikkim",Low,4,Junior Associate,52000,10000,7000,9000
Civil,District Court,"Nanded, Maharashtra",Low,11,Junior Associate,215000,31000,19000,24000
Criminal,District Court,"Jhansi, Uttar Pradesh",Medium,14,Mid-Senior,385000,47000,27000,34000
Corporate,High Court,"Hyderabad, Telangana",High,28,Senior Counsel,1680000,155000,68000,92000
Family / Matrimonial,District Court,"Ratlam, Madhya Pradesh",Medium,10,Mid-Senior,238000,31000,20000,25000
Property Dispute,High Court,"Patna, Bihar",Medium,19,Mid-Senior,710000,95000,42000,53000
Consumer,Consumer Forum,"Port Blair, Andaman and Nicobar",Low,5,Junior Associate,60000,11000,8000,10000
Civil,High Court,"Delhi, Delhi",High,29,Senior Counsel,1050000,132000,58000,73000
Criminal,Supreme Court,"Delhi, Delhi",High,39,Top Tier Firm,3000000,245000,92000,130000
Corporate,District Court,"Vadodara, Gujarat",Medium,15,Mid-Senior,590000,60000,33000,40000
Family / Matrimonial,High Court,"Ahmedabad, Gujarat",High,20,Senior Counsel,730000,94000,42000,55000
Property Dispute,District Court,"Karnal, Haryana",Low,10,Junior Associate,188000,28000,17000,21000
Consumer,Tribunal,"Rourkela, Odisha",Medium,7,Mid-Senior,89000,15000,10000,12000
Civil,District Court,"Jamnagar, Gujarat",Medium,12,Mid-Senior,343000,45000,24000,30000
Criminal,High Court,"Patna, Bihar",Medium,22,Mid-Senior,730000,100000,45000,56000
Corporate,High Court,"Bangalore, Karnataka",High,33,Top Tier Firm,2250000,178000,75000,110000
Family / Matrimonial,District Court,"Kurnool, Andhra Pradesh",Low,8,Junior Associate,148000,22000,14000,18000
Property Dispute,District Court,"Alwar, Rajasthan",Medium,13,Mid-Senior,405000,48000,28000,35000
Consumer,Consumer Forum,"Daman, Daman and Diu",Low,4,Junior Associate,54000,10000,7000,9000
Civil,District Court,"Malegaon, Maharashtra",Low,10,Junior Associate,203000,30000,18000,23000
Criminal,District Court,"Korba, Chhattisgarh",Low,13,Junior Associate,302000,41000,24000,30000
Corporate,District Court,"Lucknow, Uttar Pradesh",Medium,16,Mid-Senior,610000,62000,34000,41000
Family / Matrimonial,District Court,"Puducherry, Puducherry",Medium,9,Mid-Senior,225000,30000,19000,24000
Property Dispute,High Court,"Bangalore, Karnataka",Medium,21,Mid-Senior,860000,113000,49000,62000
Consumer,Consumer Forum,"Silvassa, Dadra and Nagar Haveli",Low,5,Junior Associate,61000,11000,8000,10000
Civil,High Court,"Mumbai, Maharashtra",High,26,Senior Counsel,980000,125000,55000,70000
Criminal,High Court,"Delhi, Delhi",Medium,23,Mid-Senior,780000,105000,47000,59000
Corporate,Supreme Court,"Delhi, Delhi",High,49,Top Tier Firm,4400000,330000,130000,170000
Family / Matrimonial,District Court,"Kakinada, Andhra Pradesh",Low,7,Junior Associate,141000,21000,14000,17000
Property Dispute,District Court,"Bhagalpur, Bihar",High,17,Senior Counsel,630000,62000,35000,46000
Consumer,Tribunal,"Dibrugarh, Assam",Low,6,Junior Associate,71000,13000,9000,11000
Civil,District Court,"Chandrapur, Maharashtra",Medium,11,Mid-Senior,328000,43000,23000,29000
Criminal,District Court,"Muzaffarpur, Bihar",Medium,14,Mid-Senior,390000,47000,27000,34000
Corporate,High Court,"Chennai, Tamil Nadu",Medium,22,Senior Counsel,1400000,140000,60000,80000
Family / Matrimonial,High Court,"Chennai, Tamil Nadu",High,18,Senior Counsel,690000,89000,40000,52000
Property Dispute,District Court,"Unnao, Uttar Pradesh",Low,11,Junior Associate,195000,29000,17000,22000
Consumer,Consumer Forum,"Kavaratti, Lakshadweep",Low,4,Junior Associate,49000,10000,7000,9000
Civil,District Court,"Akola, Maharashtra",Low,10,Junior Associate,207000,30000,18000,23000
Criminal,High Court,"Kolkata, West Bengal",Medium,22,Mid-Senior,740000,101000,45000,56000
Corporate,District Court,"Amravati, Maharashtra",Medium,14,Mid-Senior,540000,56000,31000,38000
Family / Matrimonial,District Court,"Rajahmundry, Andhra Pradesh",Medium,10,Mid-Senior,233000,31000,20000,25000
Property Dispute,High Court,"Hyderabad, Telangana",High,24,Senior Counsel,1030000,128000,56000,71000
Consumer,Consumer Forum,"Barasat, West Bengal",Low,5,Junior Associate,63000,12000,8000,10000
Civil,High Court,"Bangalore, Karnataka",Medium,21,Mid-Senior,770000,103000,45000,56000
Criminal,Supreme Court,"Delhi, Delhi",High,42,Top Tier Firm,3250000,268000,101000,142000
Corporate,High Court,"Kolkata, West Bengal",High,29,Senior Counsel,1750000,160000,70000,96000
Family / Matrimonial,District Court,"Latur, Maharashtra",Low,8,Junior Associate,153000,23000,15000,19000
Property Dispute,District Court,"Patiala, Punjab",Medium,12,Mid-Senior,400000,47000,27000,34000
Consumer,Tribunal,"Thoothukudi, Tamil Nadu",Medium,6,Mid-Senior,86000,14000,10000,12000
Civil,District Court,"Parbhani, Maharashtra",Medium,12,Mid-Senior,340000,45000,24000,30000
Criminal,District Court,"Sikar, Rajasthan",Low,12,Junior Associate,293000,40000,23000,29000
Corporate,District Court,"Jabalpur, Madhya Pradesh",Low,11,Junior Associate,325000,42000,24000,30000
Family / Matrimonial,District Court,"Anantapur, Andhra Pradesh",Medium,9,Mid-Senior,227000,30000,19000,24000
Property Dispute,District Court,"Khammam, Telangana",High,18,Senior Counsel,660000,64000,36000,47000
Consumer,Consumer Forum,"Rajapalayam, Tamil Nadu",Low,5,Junior Associate,60000,11000,8000,10000
Civil,High Court,"Hyderabad, Telangana",Medium,22,Mid-Senior,800000,106000,46000,58000
Criminal,High Court,"Pune, Maharashtra",High,25,Senior Counsel,1030000,130000,57000,72000
Corporate,High Court,"Mumbai, Maharashtra",High,30,Top Tier Firm,1980000,167000,72000,104000
Family / Matrimonial,District Court,"Vijayanagaram, Andhra Pradesh",Low,7,Junior Associate,137000,21000,14000,17000
Property Dispute,High Court,"Kolkata, West Bengal",High,26,Senior Counsel,1100000,136000,59000,75000
Consumer,Consumer Forum,"Haridwar, Uttarakhand",Low,4,Junior Associate,55000,10000,7000,9000
Civil,District Court,"Ichalkaranji, Maharashtra",Low,11,Junior Associate,213000,31000,19000,24000
Criminal,District Court,"Alappuzha, Kerala",Medium,15,Mid-Senior,415000,49000,28000,35000
Corporate,Supreme Court,"Delhi, Delhi",High,51,Top Tier Firm,4600000,350000,140000,180000
Family / Matrimonial,High Court,"Lucknow, Uttar Pradesh",Medium,17,Mid-Senior,630000,86000,39000,49000
Property Dispute,District Court,"Nagar, Maharashtra",Medium,13,Mid-Senior,413000,48000,28000,35000
Consumer,Tribunal,"Tiruppur, Tamil Nadu",Low,6,Junior Associate,69000,13000,9000,11000
Civil,District Court,"Satara, Maharashtra",Medium,11,Mid-Senior,332000,43000,23000,29000
Criminal,High Court,"Jaipur, Rajasthan",High,26,Senior Counsel,1070000,134000,58000,74000
Corporate,District Court,"Dehradun, Uttarakhand",Medium,15,Mid-Senior,570000,59000,32000,39000
Family / Matrimonial,District Court,"Brahmapur, Odisha",Low,8,Junior Associate,151000,23000,15000,18000
Property Dispute,District Court,"Muzaffarnagar, Uttar Pradesh",Low,11,Junior Associate,193000,29000,17000,22000
Consumer,Consumer Forum,"Tiruvannamalai, Tamil Nadu",Medium,6,Mid-Senior,99000,16000,11000,13000
Civil,High Court,"Ahmedabad, Gujarat",High,25,Senior Counsel,930000,122000,54000,68000
Criminal,District Court,"Kollam, Kerala",Low,13,Junior Associate,307000,41000,24000,30000
Corporate,High Court,"Delhi, Delhi",Medium,24,Senior Counsel,1540000,148000,64000,86000
Family / Matrimonial,District Court,"Bijapur, Karnataka",Medium,10,Mid-Senior,240000,31000,20000,25000
Property Dispute,High Court,"Delhi, Delhi",High,29,Top Tier Firm,1500000,155000,67000,90000
Consumer,Consumer Forum,"Dindigul, Tamil Nadu",Low,5,Junior Associate,62000,12000,8000,10000
Civil,District Court,"Ahmednagar, Maharashtra",Low,10,Junior Associate,206000,30000,18000,23000
Criminal,High Court,"Lucknow, Uttar Pradesh",High,24,Senior Counsel,970000,125000,55000,70000
Corporate,District Court,"Guwahati, Assam",Low,12,Junior Associate,345000,44000,25000,31000
Family / Matrimonial,High Court,"Mumbai, Maharashtra",Medium,15,Mid-Senior,590000,81000,37000,47000
Property Dispute,District Court,"Barabanki, Uttar Pradesh",Medium,14,Mid-Senior,420000,49000,28000,35000
Consumer,Tribunal,"Dhule, Maharashtra",Medium,7,Mid-Senior,91000,15000,10000,13000
Civil,District Court,"Medinipur, West Bengal",Medium,12,Mid-Senior,346000,45000,25000,31000
Criminal,District Court,"Bidar, Karnataka",Medium,14,Mid-Senior,393000,47000,27000,34000
Corporate,High Court,"Bangalore, Karnataka",Medium,25,Senior Counsel,1570000,149000,64000,87000
Family / Matrimonial,District Court,"Karimnagar, Telangana",Low,7,Junior Associate,144000,21000,14000,17000
Property Dispute,District Court,"Raichur, Karnataka",High,17,Senior Counsel,640000,62000,35000,46000
Consumer,Consumer Forum,"Kharagpur, West Bengal",Low,5,Junior Associate,61000,11000,8000,10000
Civil,High Court,"Chennai, Tamil Nadu",Medium,23,Mid-Senior,830000,109000,48000,61000
Criminal,Supreme Court,"Delhi, Delhi",High,40,Top Tier Firm,3150000,258000,97000,137000
Corporate,District Court,"Thrissur, Kerala",Medium,16,Mid-Senior,600000,61000,34000,41000
Family / Matrimonial,District Court,"Tumakuru, Karnataka",Medium,9,Mid-Senior,230000,30000,19000,24000
Property Dispute,High Court,"Pune, Maharashtra",Medium,22,Mid-Senior,900000,117000,51000,65000
Consumer,Consumer Forum,"Nanded, Maharashtra",Low,4,Junior Associate,56000,10000,7000,9000
Civil,District Court,"Raigad, Maharashtra",Low,11,Junior Associate,216000,31000,19000,24000
Criminal,High Court,"Hyderabad, Telangana",High,27,Senior Counsel,1110000,137000,59000,75000
Corporate,High Court,"Pune, Maharashtra",High,27,Senior Counsel,1650000,153000,67000,91000
Family / Matrimonial,District Court,"Nizamabad, Telangana",Low,8,Junior Associate,149000,22000,15000,18000
Property Dispute,District Court,"Shimoga, Karnataka",Medium,13,Mid-Senior,408000,48000,28000,35000
Consumer,Tribunal,"Bellary, Karnataka",Low,6,Junior Associate,68000,13000,9000,11000
Civil,District Court,"Yavatmal, Maharashtra",Medium,11,Mid-Senior,330000,43000,23000,29000
Criminal,District Court,"Khandwa, Madhya Pradesh",Low,12,Junior Associate,295000,40000,23000,29000
Corporate,District Court,"Kochi, Kerala",Low,13,Junior Associate,380000,46000,26000,32000
Family / Matrimonial,High Court,"Delhi, Delhi",High,19,Senior Counsel,710000,92000,41000,53000
Property Dispute,High Court,"Ahmedabad, Gujarat",High,27,Senior Counsel,1150000,140000,61000,78000
Consumer,Consumer Forum,"Sangli, Maharashtra",Medium,6,Mid-Senior,97000,16000,11000,13000
Civil,High Court,"Kolkata, West Bengal",High,28,Senior Counsel,1010000,128000,57000,72000
Criminal,District Court,"Etawah, Uttar Pradesh",Medium,15,Mid-Senior,418000,49000,28000,35000
Corporate,Supreme Court,"Delhi, Delhi",High,52,Top Tier Firm,4700000,360000,145000,185000
Family / Matrimonial,District Court,"Madurai, Tamil Nadu",Medium,10,Mid-Senior,245000,32000,20000,25000
Property Dispute,District Court,"Yamunanagar, Haryana",Low,10,Junior Associate,187000,28000,17000,21000
Consumer,Consumer Forum,"Puri, Odisha",Low,5,Junior Associate,59000,11000,8000,10000
Civil,District Court,"Wardha, Maharashtra",Low,10,Junior Associate,209000,30000,18000,23000
Criminal,High Court,"Bangalore, Karnataka",High,28,Senior Counsel,1160000,140000,61000,77000
Corporate,High Court,"Hyderabad, Telangana",Medium,26,Senior Counsel,1620000,151000,66000,89000
Family / Matrimonial,District Court,"Haldia, West Bengal",Low,7,Junior Associate,140000,21000,14000,17000
Property Dispute,District Court,"Tiruvallur, Tamil Nadu",Medium,12,Mid-Senior,398000,47000,27000,34000
Consumer,Tribunal,"Jalgaon, Maharashtra",Medium,6,Mid-Senior,88000,14000,10000,12000
Civil,District Court,"Cuddalore, Tamil Nadu",Medium,12,Mid-Senior,344000,45000,24000,30000
Criminal,District Court,"Firozabad, Uttar Pradesh",Low,13,Junior Associate,300000,41000,24000,30000
Corporate,District Court,"Ranchi, Jharkhand",Medium,15,Mid-Senior,575000,59000,32000,39000
Family / Matrimonial,District Court,"Hassan, Karnataka",Medium,9,Mid-Senior,232000,30000,19000,24000
Property Dispute,High Court,"Bangalore, Karnataka",High,25,Senior Counsel,1070000,133000,58000,74000
Consumer,Consumer Forum,"Karwar, Karnataka",Low,4,Junior Associate,53000,10000,7000,9000
Civil,High Court,"Delhi, Delhi",High,30,Senior Counsel,1080000,135000,59000,75000
Criminal,High Court,"Chennai, Tamil Nadu",Medium,24,Mid-Senior,800000,108000,48000,60000
Corporate,High Court,"Mumbai, Maharashtra",High,31,Top Tier Firm,2050000,170000,73000,107000
Family / Matrimonial,High Court,"Hyderabad, Telangana",High,21,Senior Counsel,770000,99000,44000,57000
Property Dispute,District Court,"Chhindwara, Madhya Pradesh",Low,11,Junior Associate,194000,29000,17000,22000
Consumer,Consumer Forum,"Ratnagiri, Maharashtra",Low,5,Junior Associate,60000,11000,8000,10000
Civil,District Court,"Chapra, Bihar",Medium,11,Mid-Senior,327000,43000,23000,29000
Criminal,High Court,"Mumbai, Maharashtra",Medium,20,Mid-Senior,690000,95000,43000,54000
Corporate,District Court,"Gandhinagar, Gujarat",Low,10,Junior Associate,320000,41000,23000,29000
Family / Matrimonial,District Court,"Dhule, Maharashtra",Low,6,Junior Associate,132000,20000,13000,16000
Property Dispute,High Court,"Lucknow, Uttar Pradesh",High,23,Senior Counsel,950000,122000,53000,68000
Consumer,Tribunal,"Diu, Daman and Diu",Low,5,Junior Associate,65000,12000,8000,10000
Civil,High Court,"Patna, Bihar",Medium,20,Mid-Senior,740000,100000,44000,56000
Criminal,Supreme Court,"Delhi, Delhi",High,37,Top Tier Firm,2850000,240000,88000,127000
Corporate,High Court,"Lucknow, Uttar Pradesh",Medium,23,Senior Counsel,1410000,141000,60000,80000
Family / Matrimonial,District Court,"Ratnagiri, Maharashtra",Medium,10,Mid-Senior,237000,31000,20000,25000
Property Dispute,District Court,"Kota, Rajasthan",Low,9,Junior Associate,183000,27000,16000,20000
Consumer,Consumer Forum,"Faizabad, Uttar Pradesh",Medium,7,Mid-Senior,115000,17000,12000,14000
Civil,District Court,"Bhuj, Gujarat",Medium,12,Mid-Senior,352000,46000,25000,31000
Criminal,District Court,"Tirupati, Andhra Pradesh",Low,11,Junior Associate,285000,39000,22000,28000
Corporate,District Court,"Calicut, Kerala",Medium,14,Mid-Senior,530000,55000,31000,38000
Family / Matrimonial,High Court,"Patna, Bihar",Medium,16,Mid-Senior,600000,83000,38000,48000
Property Dispute,District Court,"Palghar, Maharashtra",Medium,13,Mid-Senior,418000,48000,28000,35000
Consumer,Consumer Forum,"Karaikudi, Tamil Nadu",Low,4,Junior Associate,57000,11000,7000,9000
Civil,District Court,"Purnia, Bihar",Low,10,Junior Associate,211000,30000,18000,23000
Criminal,High Court,"Ahmedabad, Gujarat",Medium,21,Mid-Senior,710000,98000,44000,55000
Corporate,Supreme Court,"Delhi, Delhi",High,44,Top Tier Firm,3700000,290000,108000,150000
Family / Matrimonial,District Court,"Nalgonda, Telangana",Low,8,Junior Associate,146000,22000,14000,18000
Property Dispute,High Court,"Chennai, Tamil Nadu",Medium,21,Mid-Senior,850000,112000,49000,62000
Consumer,Tribunal,"Ambala, Haryana",Medium,6,Mid-Senior,84000,14000,10000,12000
Civil,High Court,"Jaipur, Rajasthan",High,27,Senior Counsel,960000,124000,55000,69000
Criminal,District Court,"Thrissur, Kerala",Medium,14,Mid-Senior,400000,47000,28000,34000
Corporate,High Court,"Kolkata, West Bengal",High,30,Top Tier Firm,1920000,164000,71000,103000
Family / Matrimonial,District Court,"Ernakulam, Kerala",Medium,9,Mid-Senior,228000,30000,19000,24000
Property Dispute,District Court,"Jaunpur, Uttar Pradesh",High,16,Senior Counsel,590000,60000,34000,44000
Consumer,Consumer Forum,"Haldwani, Uttarakhand",Low,5,Junior Associate,63000,12000,8000,10000
Civil,District Court,"Kadapa, Andhra Pradesh",Medium,11,Mid-Senior,338000,44000,24000,30000
Criminal,High Court,"Kolkata, West Bengal",High,25,Senior Counsel,1010000,130000,57000,72000
Corporate,District Court,"Belgaum, Karnataka",Low,11,Junior Associate,330000,42000,24000,30000
Family / Matrimonial,High Court,"Bangalore, Karnataka",High,22,Senior Counsel,790000,101000,45000,58000
Property Dispute,District Court,"Bulandshahr, Uttar Pradesh",Low,10,Junior Associate,191000,28000,17000,21000
Consumer,Consumer Forum,"Kozhikode, Kerala",Medium,6,Mid-Senior,103000,16000,11000,13000
Civil,District Court,"Anand, Gujarat",Low,10,Junior Associate,208000,30000,18000,23000
Criminal,District Court,"Gaya, Bihar",Low,12,Junior Associate,291000,40000,23000,29000
Corporate,High Court,"Chennai, Tamil Nadu",High,28,Senior Counsel,1640000,154000,67000,91000
Family / Matrimonial,District Court,"Ongole, Andhra Pradesh",Low,7,Junior Associate,135000,21000,14000,17000
Property Dispute,High Court,"Mumbai, Maharashtra",High,26,Top Tier Firm,1380000,148000,63000,84000
Consumer,Tribunal,"Hapur, Uttar Pradesh",Low,6,Junior Associate,70000,13000,9000,11000
Civil,High Court,"Hyderabad, Telangana",High,28,Senior Counsel,1000000,127000,56000,71000
Criminal,Supreme Court,"Delhi, Delhi",High,36,Top Tier Firm,2750000,230000,85000,122000
Corporate,District Court,"Mysore, Karnataka",Medium,15,Mid-Senior,585000,60000,33000,40000
Family / Matrimonial,District Court,"Baramati, Maharashtra",Medium,10,Mid-Senior,241000,31000,20000,25000
Property Dispute,District Court,"Dewas, Madhya Pradesh",Medium,13,Mid-Senior,412000,48000,28000,35000
Consumer,Consumer Forum,"Panaji, Goa",Low,4,Junior Associate,58000,11000,7000,9000
Civil,District Court,"Davangere, Karnataka",Low,11,Junior Associate,214000,31000,19000,24000
Criminal,High Court,"Delhi, Delhi",High,27,Senior Counsel,1050000,133000,58000,74000
Corporate,District Court,"Cuttack, Odisha",Low,12,Junior Associate,355000,45000,25000,31000
Family / Matrimonial,High Court,"Kolkata, West Bengal",Medium,17,Mid-Senior,650000,88000,40000,50000
Property Dispute,District Court,"Mirzapur, Uttar Pradesh",High,18,Senior Counsel,655000,63000,36000,47000
Consumer,Tribunal,"Tirunelveli, Tamil Nadu",Medium,7,Mid-Senior,93000,15000,10000,13000
Civil,District Court,"Pali, Rajasthan",Medium,12,Mid-Senior,349000,45000,25000,31000
Criminal,District Court,"Balasore, Odisha",Medium,14,Mid-Senior,397000,47000,28000,34000
Corporate,High Court,"Pune, Maharashtra",Medium,24,Senior Counsel,1530000,147000,64000,85000
Family / Matrimonial,District Court,"Ramagundam, Telangana",Low,8,Junior Associate,147000,22000,15000,18000
Property Dispute,High Court,"Jaipur, Rajasthan",Medium,20,Mid-Senior,820000,110000,48000,61000
Consumer,Consumer Forum,"Chittoor, Andhra Pradesh",Low,5,Junior Associate,61000,11000,8000,10000
Civil,High Court,"Lucknow, Uttar Pradesh",Medium,23,Mid-Senior,810000,107000,47000,59000
Criminal,High Court,"Bangalore, Karnataka",High,26,Senior Counsel,1090000,135000,59000,75000
Corporate,Supreme Court,"Delhi, Delhi",High,53,Top Tier Firm,4800000,370000,150000,190000
Family / Matrimonial,District Court,"Singrauli, Madhya Pradesh",Medium,9,Mid-Senior,234000,30000,19000,24000
Property Dispute,District Court,"Proddatur, Andhra Pradesh",Low,11,Junior Associate,196000,29000,17000,22000
Consumer,Consumer Forum,"Valsad, Gujarat",Medium,6,Mid-Senior,101000,16000,11000,13000
Civil,District Court,"Machilipatnam, Andhra Pradesh",Medium,11,Mid-Senior,333000,43000,23000,29000
Criminal,District Court,"Bhusawal, Maharashtra",Low,13,Junior Associate,303000,41000,24000,30000
Corporate,High Court,"Hyderabad, Telangana",High,31,Top Tier Firm,2000000,168000,72000,105000
Family / Matrimonial,High Court,"Chennai, Tamil Nadu",High,19,Senior Counsel,720000,93000,42000,54000
Property Dispute,District Court,"Adilabad, Telangana",Medium,14,Mid-Senior,427000,49000,28000,35000
Consumer,Tribunal,"Churu, Rajasthan",Low,6,Junior Associate,71000,13000,9000,11000
Civil,District Court,"Vizianagaram, Andhra Pradesh",Low,10,Junior Associate,209000,30000,18000,23000
Criminal,High Court,"Chennai, Tamil Nadu",Medium,23,Mid-Senior,770000,105000,47000,59000
Corporate,District Court,"Karur, Tamil Nadu",Medium,16,Mid-Senior,615000,62000,34000,41000
Family / Matrimonial,District Court,"Bellary, Karnataka",Low,7,Junior Associate,138000,21000,14000,17000
Property Dispute,High Court,"Kolkata, West Bengal",Medium,22,Mid-Senior,890000,116000,50000,64000
Consumer,Consumer Forum,"Rishikesh, Uttarakhand",Low,4,Junior Associate,56000,10000,7000,9000
Civil,High Court,"Mumbai, Maharashtra",Medium,24,Mid-Senior,860000,112000,49000,62000
Criminal,District Court,"Nellore, Andhra Pradesh",Medium,15,Mid-Senior,423000,49000,28000,35000
Corporate,High Court,"Delhi, Delhi",High,32,Top Tier Firm,2100000,174000,75000,109000
Family / Matrimonial,District Court,"Gulbarga, Karnataka",Medium,10,Mid-Senior,243000,32000,20000,25000
Property Dispute,District Court,"Haridwar, Uttarakhand",High,17,Senior Counsel,635000,62000,35000,46000
Consumer,Tribunal,"Mandya, Karnataka",Medium,6,Mid-Senior,85000,14000,10000,12000
Civil,District Court,"Rewa, Madhya Pradesh",Medium,12,Mid-Senior,347000,45000,25000,31000
Criminal,High Court,"Hyderabad, Telangana",High,24,Senior Counsel,980000,126000,56000,70000
Corporate,District Court,"Tirupur, Tamil Nadu",Low,13,Junior Associate,385000,47000,26000,32000
Family / Matrimonial,High Court,"Mumbai, Maharashtra",High,20,Senior Counsel,750000,96000,43000,56000
Property Dispute,District Court,"Banda, Uttar Pradesh",Low,10,Junior Associate,189000,28000,17000,21000
Consumer,Consumer Forum,"Neyveli, Tamil Nadu",Low,5,Junior Associate,62000,12000,8000,10000
Civil,District Court,"Anantapuram, Andhra Pradesh",Low,11,Junior Associate,217000,31000,19000,24000
Criminal,District Court,"Kharagpur, West Bengal",Low,12,Junior Associate,294000,40000,23000,29000
Corporate,High Court,"Bangalore, Karnataka",High,34,Top Tier Firm,2300000,182000,77000,113000
Family / Matrimonial,District Court,"Kottayam, Kerala",Medium,9,Mid-Senior,231000,30000,19000,24000
Property Dispute,High Court,"Hyderabad, Telangana",High,25,Senior Counsel,1060000,132000,57000,73000
Consumer,Consumer Forum,"Srikakulam, Andhra Pradesh",Medium,6,Mid-Senior,104000,16000,11000,13000
Civil,High Court,"Kolkata, West Bengal",High,26,Senior Counsel,950000,123000,54000,68000
Criminal,Supreme Court,"Delhi, Delhi",High,35,Top Tier Firm,2650000,220000,82000,118000
Corporate,District Court,"Sangli, Maharashtra",Medium,15,Mid-Senior,577000,59000,32000,39000
Family / Matrimonial,District Court,"Hosur, Tamil Nadu",Low,8,Junior Associate,154000,23000,15000,19000
Property Dispute,District Court,"Ratlam, Madhya Pradesh",Medium,13,Mid-Senior,414000,48000,28000,35000
Consumer,Tribunal,"Kumbakonam, Tamil Nadu",Low,6,Junior Associate,68000,13000,9000,11000
Civil,District Court,"Nizamabad, Telangana",Medium,11,Mid-Senior,336000,44000,24000,30000
Criminal,District Court,"Singrauli, Madhya Pradesh",Medium,14,Mid-Senior,399000,47000,28000,34000
Corporate,High Court,"Mumbai, Maharashtra",Medium,25,Senior Counsel,1590000,150000,65000,88000
Family / Matrimonial,High Court,"Delhi, Delhi",Medium,18,Mid-Senior,670000,91000,41000,51000
Property Dispute,High Court,"Bangalore, Karnataka",High,27,Top Tier Firm,1400000,150000,64000,86000
Consumer,Consumer Forum,"Kancheepuram, Tamil Nadu",Low,5,Junior Associate,60000,11000,8000,10000
Civil,District Court,"North Lakhimpur, Assam",Low,10,Junior Associate,204000,30000,18000,23000
Criminal,High Court,"Jaipur, Rajasthan",Medium,22,Mid-Senior,750000,102000,46000,57000
Corporate,District Court,"Rajahmundry, Andhra Pradesh",Low,12,Junior Associate,360000,45000,25000,31000
Family / Matrimonial,District Court,"Shimla, Himachal Pradesh",Low,7,Junior Associate,141000,21000,14000,17000
Property Dispute,District Court,"Dhanbad, Jharkhand",High,18,Senior Counsel,660000,64000,36000,47000
Consumer,Tribunal,"Salem, Tamil Nadu",Medium,7,Mid-Senior,94000,15000,10000,13000
Civil,High Court,"Patna, Bihar",High,25,Senior Counsel,930000,121000,53000,67000
Criminal,District Court,"Madurai, Tamil Nadu",Low,13,Junior Associate,308000,41000,24000,30000
Corporate,High Court,"Pune, Maharashtra",High,28,Senior Counsel,1700000,156000,68000,93000
Family / Matrimonial,District Court,"Chandrapur, Maharashtra",Medium,10,Mid-Senior,239000,31000,20000,25000
Property Dispute,High Court,"Chennai, Tamil Nadu",High,24,Senior Counsel,1040000,130000,57000,72000
Consumer,Consumer Forum,"Alwar, Rajasthan",Low,4,Junior Associate,57000,10000,7000,9000
Civil,District Court,"Palakkad, Kerala",Medium,12,Mid-Senior,354000,46000,25000,31000
Criminal,High Court,"Lucknow, Uttar Pradesh",High,25,Senior Counsel,1020000,130000,57000,72000
Corporate,Supreme Court,"Delhi, Delhi",High,54,Top Tier Firm,4900000,380000,155000,195000
Family / Matrimonial,High Court,"Hyderabad, Telangana",Medium,18,Mid-Senior,680000,92000,41000,52000
Property Dispute,District Court,"Fazilka, Punjab",Low,11,Junior Associate,197000,29000,17000,22000
Consumer,Consumer Forum,"Tiruchirapalli, Tamil Nadu",Medium,6,Mid-Senior,105000,16000,11000,13000
Civil,District Court,"Dindigul, Tamil Nadu",Low,11,Junior Associate,219000,31000,19000,24000
Criminal,District Court,"Sultanpur, Uttar Pradesh",Medium,14,Mid-Senior,401000,47000,28000,34000
Corporate,High Court,"Kolkata, West Bengal",Medium,26,Senior Counsel,1610000,151000,66000,89000
Family / Matrimonial,District Court,"Hanamkonda, Telangana",Low,8,Junior Associate,148000,22000,15000,18000
Property Dispute,District Court,"Bhatpara, West Bengal",Medium,13,Mid-Senior,416000,48000,28000,35000
Consumer,Tribunal,"Vapi, Gujarat",Low,6,Junior Associate,69000,13000,9000,11000
Civil,High Court,"Bangalore, Karnataka",Medium,22,Mid-Senior,820000,108000,48000,60000
Criminal,High Court,"Mumbai, Maharashtra",High,29,Senior Counsel,1190000,144000,62000,79000
Corporate,District Court,"Rourkela, Odisha",Medium,16,Mid-Senior,625000,63000,34000,42000
Family / Matrimonial,District Court,"Barasat, West Bengal",Medium,9,Mid-Senior,236000,31000,20000,25000
Property Dispute,High Court,"Delhi, Delhi",High,30,Top Tier Firm,1550000,158000,68000,92000
Consumer,Consumer Forum,"Cuddapah, Andhra Pradesh",Low,5,Junior Associate,63000,12000,8000,10000
Civil,District Court,"Baranagar, West Bengal",Medium,11,Mid-Senior,339000,44000,24000,30000
Criminal,District Court,"Puri, Odisha",Low,12,Junior Associate,296000,40000,23000,29000
Corporate,High Court,"Delhi, Delhi",High,33,Top Tier Firm,2150000,176000,76000,111000
Family / Matrimonial,High Court,"Kolkata, West Bengal",High,23,Senior Counsel,820000,105000,47000,60000
Property Dispute,District Court,"Bikaner, Rajasthan",Low,10,Junior Associate,192000,28000,17000,21000
Consumer,Tribunal,"Vellore, Tamil Nadu",Medium,6,Mid-Senior,86000,14000,10000,12000
Civil,District Court,"Karawal Nagar, Delhi",Low,10,Junior Associate,212000,30000,18000,23000
Criminal,High Court,"Hyderabad, Telangana",Medium,24,Mid-Senior,810000,109000,48000,61000
Corporate,District Court,"Muzaffarnagar, Uttar Pradesh",Low,13,Junior Associate,390000,47000,26000,32000
Family / Matrimonial,District Court,"Rajapalayam, Tamil Nadu",Low,7,Junior Associate,139000,21000,14000,17000
Property Dispute,High Court,"Pune, Maharashtra",High,24,Senior Counsel,990000,125000,55000,70000
Consumer,Consumer Forum,"Bhiwadi, Rajasthan",Medium,6,Mid-Senior,106000,16000,11000,13000
Civil,High Court,"Chennai, Tamil Nadu",High,28,Senior Counsel,1010000,128000,57000,72000
Criminal,Supreme Court,"Delhi, Delhi",High,45,Top Tier Firm,3850000,300000,112000,155000
Corporate,High Court,"Bangalore, Karnataka",High,35,Top Tier Firm,2350000,185000,78000,115000
Family / Matrimonial,District Court,"Bhubaneswar, Odisha",Medium,10,Mid-Senior,246000,32000,20000,25000
Property Dispute,District Court,"Morena, Madhya Pradesh",Medium,13,Mid-Senior,419000,48000,28000,35000
Consumer,Tribunal,"Rajahmundry, Andhra Pradesh",Low,6,Junior Associate,70000,13000,9000,11000
Civil,District Court,"Eluru, Andhra Pradesh",Medium,12,Mid-Senior,342000,45000,24000,30000
Criminal,District Court,"Durg, Chhattisgarh",Medium,14,Mid-Senior,403000,47000,28000,34000
Corporate,District Court,"Tiruppur, Tamil Nadu",Medium,15,Mid-Senior,580000,59000,32000,40000
Family / Matrimonial,High Court,"Jaipur, Rajasthan",Medium,17,Mid-Senior,660000,89000,40000,50000
Property Dispute,High Court,"Ahmedabad, Gujarat",Medium,23,Mid-Senior,920000,119000,52000,66000
Consumer,Consumer Forum,"Gandhidham, Gujarat",Low,4,Junior Associate,55000,10000,7000,9000
Civil,District Court,"Bhagalpur, Bihar",Low,11,Junior Associate,220000,31000,19000,24000
Criminal,High Court,"Kolkata, West Bengal",Medium,23,Mid-Senior,790000,107000,48000,60000
Corporate,High Court,"Hyderabad, Telangana",Medium,27,Senior Counsel,1670000,154000,67000,91000
Family / Matrimonial,District Court,"Navi Mumbai, Maharashtra",Low,8,Junior Associate,156000,23000,15000,19000
Property Dispute,District Court,"Khammam, Telangana",High,19,Senior Counsel,685000,66000,37000,48000
Consumer,Consumer Forum,"Bharatpur, Rajasthan",Low,5,Junior Associate,64000,12000,8000,10000
Civil,High Court,"Ahmedabad, Gujarat",Medium,24,Mid-Senior,870000,113000,50000,63000
Criminal,District Court,"Kakinada, Andhra Pradesh",Low,13,Junior Associate,310000,41000,24000,30000
Corporate,District Court,"Salem, Tamil Nadu",Low,14,Junior Associate,410000,49000,27000,34000
Family / Matrimonial,District Court,"Karimnagar, Telangana",Medium,9,Mid-Senior,238000,31000,20000,25000
Property Dispute,High Court,"Kolkata, West Bengal",High,28,Top Tier Firm,1480000,154000,66000,89000
Consumer,Tribunal,"Karnal, Haryana",Medium,7,Mid-Senior,95000,15000,10000,13000
Civil,District Court,"Shivamogga, Karnataka",Medium,12,Mid-Senior,357000,46000,25000,31000
Criminal,High Court,"Pune, Maharashtra",High,26,Senior Counsel,1070000,134000,58000,74000
Corporate,Supreme Court,"Delhi, Delhi",High,55,Top Tier Firm,5000000,390000,160000,200000
Family / Matrimonial,High Court,"Bangalore, Karnataka",Medium,19,Mid-Senior,700000,94000,42000,53000
Property Dispute,District Court,"Balaghat, Madhya Pradesh",Low,11,Junior Associate,198000,29000,17000,22000
Consumer,Consumer Forum,"Vizag, Andhra Pradesh",Medium,6,Mid-Senior,107000,16000,11000,13000
Civil,District Court,"Junagadh, Gujarat",Low,11,Junior Associate,221000,31000,19000,24000
Criminal,District Court,"Raigarh, Chhattisgarh",Medium,14,Mid-Senior,405000,47000,28000,34000
Corporate,High Court,"Mumbai, Maharashtra",High,32,Top Tier Firm,2080000,171000,74000,108000
Family / Matrimonial,District Court,"Kolar, Karnataka",Low,8,Junior Associate,145000,22000,14000,18000
Property Dispute,District Court,"Azamgarh, Uttar Pradesh",Medium,13,Mid-Senior,421000,48000,28000,35000
Consumer,Tribunal,"Rae Bareli, Uttar Pradesh",Low,6,Junior Associate,67000,13000,9000,11000
Civil,High Court,"Hyderabad, Telangana",High,27,Senior Counsel,990000,126000,56000,71000
Criminal,High Court,"Bangalore, Karnataka",Medium,25,Mid-Senior,840000,111000,49000,62000
Corporate,District Court,"Hubli, Karnataka",Medium,16,Mid-Senior,630000,64000,35000,42000
Family / Matrimonial,District Court,"Greater Noida, Uttar Pradesh",Medium,10,Mid-Senior,248000,32000,20000,25000
Property Dispute,High Court,"Jaipur, Rajasthan",High,28,Senior Counsel,1180000,143000,62000,80000
Consumer,Consumer Forum,"Siliguri, West Bengal",Low,5,Junior Associate,65000,12000,8000,10000
Civil,District Court,"Bilaspur, Himachal Pradesh",Medium,11,Mid-Senior,341000,44000,24000,30000
Criminal,District Court,"Hoshiarpur, Punjab",Low,12,Junior Associate,298000,40000,23000,29000
Corporate,High Court,"Delhi, Delhi",Medium,26,Senior Counsel,1630000,152000,66000,90000
Family / Matrimonial,High Court,"Chennai, Tamil Nadu",Medium,16,Mid-Senior,620000,85000,38000,48000
Property Dispute,District Court,"Solapur, Maharashtra",Low,10,Junior Associate,193000,28000,17000,21000
Consumer,Consumer Forum,"Panchkula, Haryana",Medium,6,Mid-Senior,108000,16000,11000,13000
Civil,District Court,"Bijapur, Karnataka",Low,11,Junior Associate,222000,31000,19000,24000
Criminal,High Court,"Chennai, Tamil Nadu",High,27,Senior Counsel,1080000,136000,59000,75000
Corporate,District Court,"Ujjain, Madhya Pradesh",Low,13,Junior Associate,395000,47000,26000,32000
Family / Matrimonial,District Court,"Panipat, Haryana",Low,8,Junior Associate,152000,23000,15000,18000
Property Dispute,High Court,"Lucknow, Uttar Pradesh",Medium,21,Mid-Senior,870000,114000,50000,63000
Consumer,Tribunal,"Barabanki, Uttar Pradesh",Medium,7,Mid-Senior,96000,15000,10000,13000
Civil,High Court,"Mumbai, Maharashtra",High,29,Senior Counsel,1060000,133000,58000,74000
Criminal,Supreme Court,"Delhi, Delhi",High,38,Top Tier Firm,2950000,245000,91000,131000
Corporate,High Court,"Kolkata, West Bengal",High,31,Top Tier Firm,2020000,169000,73000,106000
Family / Matrimonial,District Court,"Bhavnagar, Gujarat",Medium,9,Mid-Senior,240000,31000,20000,25000
Property Dispute,District Court,"Sirsa, Haryana",Medium,13,Mid-Senior,423000,49000,28000,35000
Consumer,Consumer Forum,"Gondal, Gujarat",Low,4,Junior Associate,56000,10000,7000,9000
Civil,District Court,"Patan, Gujarat",Medium,12,Mid-Senior,359000,46000,25000,31000
Criminal,District Court,"Begusarai, Bihar",Medium,14,Mid-Senior,407000,47000,28000,34000
Corporate,District Court,"Nashik, Maharashtra",Medium,17,Mid-Senior,665000,66000,36000,44000
Family / Matrimonial,High Court,"Mumbai, Maharashtra",High,21,Senior Counsel,780000,100000,45000,58000
Property Dispute,High Court,"Bangalore, Karnataka",Medium,23,Mid-Senior,940000,121000,53000,67000
Consumer,Tribunal,"Burhanpur, Madhya Pradesh",Low,6,Junior Associate,66000,12000,8000,10000
Civil,District Court,"Bathinda, Punjab",Low,10,Junior Associate,210000,30000,18000,23000
Criminal,High Court,"Jaipur, Rajasthan",High,28,Senior Counsel,1120000,139000,60000,77000
Corporate,High Court,"Pune, Maharashtra",Medium,27,Senior Counsel,1710000,157000,68000,94000
Family / Matrimonial,District Court,"Vizianagaram, Andhra Pradesh",Low,7,Junior Associate,143000,21000,14000,17000
Property Dispute,District Court,"Motihari, Bihar",High,18,Senior Counsel,670000,65000,37000,48000
Consumer,Consumer Forum,"Jabalpur, Madhya Pradesh",Low,5,Junior Associate,66000,12000,8000,10000
Civil,High Court,"Kolkata, West Bengal",Medium,25,Mid-Senior,880000,115000,51000,64000
Criminal,District Court,"Dewas, Madhya Pradesh",Low,13,Junior Associate,312000,41000,24000,30000
Corporate,District Court,"Vellore, Tamil Nadu",Low,14,Junior Associate,420000,49000,27000,34000
Family / Matrimonial,District Court,"Maheshtala, West Bengal",Medium,10,Mid-Senior,250000,32000,20000,25000
Property Dispute,High Court,"Hyderabad, Telangana",Medium,22,Mid-Senior,910000,118000,51000,65000
Consumer,Tribunal,"Gandhidham, Gujarat",Medium,7,Mid-Senior,97000,15000,10000,13000
Civil,District Court,"Bally, West Bengal",Medium,11,Mid-Senior,343000,44000,24000,30000
Criminal,High Court,"Lucknow, Uttar Pradesh",Medium,24,Mid-Senior,820000,110000,49000,61000
Corporate,Supreme Court,"Delhi, Delhi",High,56,Top Tier Firm,5200000,400000,165000,205000
Family / Matrimonial,High Court,"Pune, Maharashtra",Medium,18,Mid-Senior,690000,93000,42000,53000
Property Dispute,District Court,"Hapur, Uttar Pradesh",Low,11,Junior Associate,199000,29000,17000,22000
Consumer,Consumer Forum,"Bongaigaon, Assam",Low,5,Junior Associate,67000,12000,8000,10000
Civil,District Court,"Avadi, Tamil Nadu",Low,11,Junior Associate,223000,31000,19000,24000
Criminal,District Court,"Vidisha, Madhya Pradesh",Medium,14,Mid-Senior,409000,47000,28000,34000
Corporate,High Court,"Bangalore, Karnataka",High,36,Top Tier Firm,2400000,188000,80000,117000
Family / Matrimonial,District Court,"Kamarhati, West Bengal",Low,8,Junior Associate,150000,23000,15000,18000
Property Dispute,District Court,"Budaun, Uttar Pradesh",Medium,13,Mid-Senior,425000,49000,28000,35000
Consumer,Consumer Forum,"Dharmavaram, Andhra Pradesh",Medium,6,Mid-Senior,109000,16000,11000,13000
Civil,High Court,"Delhi, Delhi",Medium,26,Mid-Senior,900000,117000,52000,65000
Criminal,High Court,"Mumbai, Maharashtra",High,30,Senior Counsel,1230000,148000,64000,82000
Corporate,District Court,"Nagercoil, Tamil Nadu",Medium,16,Mid-Senior,635000,64000,35000,42000
Family / Matrimonial,District Court,"South Dumdum, West Bengal",Medium,9,Mid-Senior,242000,31000,20000,25000
Property Dispute,High Court,"Chennai, Tamil Nadu",High,26,Senior Counsel,1110000,137000,59000,76000
Consumer,Tribunal,"Meerut, Uttar Pradesh",Low,6,Junior Associate,68000,13000,9000,11000
Civil,District Court,"Bhilwara, Rajasthan",Medium,12,Mid-Senior,360000,46000,25000,31000
Criminal,District Court,"Titagarh, West Bengal",Low,12,Junior Associate,299000,40000,23000,29000
Corporate,High Court,"Hyderabad, Telangana",High,33,Top Tier Firm,2160000,177000,76000,112000
Family / Matrimonial,High Court,"Kolkata, West Bengal",Medium,19,Mid-Senior,710000,95000,43000,54000
Property Dispute,District Court,"Jalna, Maharashtra",Low,10,Junior Associate,194000,28000,17000,21000
Consumer,Consumer Forum,"Tenali, Andhra Pradesh",Low,5,Junior Associate,68000,12000,8000,10000
